SET NAMES utf8mb4;
SET FOREIGN_KEY_CHECKS = 0;

-- ========== 追加用户 ==========
INSERT IGNORE INTO sys_user (id, username, password, real_name, phone, role, college, status) VALUES
(7,  'president03', '$2a$10$yt1kw9Gf5gShfBwpPvBe4.n4ZUD1hItYSTO71PXZzDEgObjMSwz7i', '陈社长', '13800000008', 'PRESIDENT', '体育学院', 1),
(8,  'president04', '$2a$10$yt1kw9Gf5gShfBwpPvBe4.n4ZUD1hItYSTO71PXZzDEgObjMSwz7i', '刘社长', '13800000009', 'PRESIDENT', '经管学院', 1),
(9,  'president05', '$2a$10$yt1kw9Gf5gShfBwpPvBe4.n4ZUD1hItYSTO71PXZzDEgObjMSwz7i', '杨社长', '13800000010', 'PRESIDENT', '文学院', 1),
(10, 'student03',   '$2a$10$yt1kw9Gf5gShfBwpPvBe4.n4ZUD1hItYSTO71PXZzDEgObjMSwz7i', '吴同学', '13800000011', 'STUDENT',   '体育学院', 1),
(11, 'student04',   '$2a$10$yt1kw9Gf5gShfBwpPvBe4.n4ZUD1hItYSTO71PXZzDEgObjMSwz7i', '郑同学', '13800000012', 'STUDENT',   '经管学院', 1),
(12, 'student05',   '$2a$10$yt1kw9Gf5gShfBwpPvBe4.n4ZUD1hItYSTO71PXZzDEgObjMSwz7i', '王同学', '13800000013', 'STUDENT',   '文学院', 1);

-- ========== 追加社团 ==========
INSERT IGNORE INTO club (id, name, category, description, president_id, teacher_id, member_count, status) VALUES
(6,  '篮球协会',       '体育竞技', '热血青春赛场！组织院系篮球联赛、三分球大赛，代表学校参加CUBA',             7,  2,  98,  1),
(7,  '创新创业俱乐部', '创新创业', '激发创新思维，孵化创业项目，对接校内外资源，定期举办路演交流',               8,  2,  85,  1),
(8,  '音乐社团',       '文化艺术', '用旋律点亮校园生活，设吉他、钢琴、声乐等分部，每学期举办专场音乐会',         9,  2,  118, 1),
(9,  '摄影协会',       '文化艺术', '记录校园光影瞬间，定期外拍采风、人像写真，举办年度摄影展',                   9,  2,  73,  1),
(10, '辩论队',         '学术科技', '舌战群儒，以辩会友。代表学校参加省市级辩论赛，每周模辩训练',                 7,  2,  60,  1),
(11, '足球社',         '体育竞技', '绿茵场上挥洒汗水，组织院系联赛、五人制挑战赛，征战校际杯赛',                 7,  2,  87,  1),
(12, '环保协会',       '志愿服务', '倡导绿色校园生活，垃圾分类推广、旧物回收、植树造林，为地球减负',             8,  2,  66,  1);

-- ========== 社团成员 ==========
INSERT IGNORE INTO club_member (club_id, user_id, role, status) VALUES
(6,7,'PRESIDENT',1),  (6,10,'MEMBER',1),
(7,8,'PRESIDENT',1),  (7,11,'MEMBER',1),
(8,9,'PRESIDENT',1),  (8,12,'MEMBER',1),
(9,9,'PRESIDENT',1),  (9,12,'MEMBER',1),
(10,7,'PRESIDENT',1), (10,10,'MEMBER',1),
(11,7,'PRESIDENT',1), (11,10,'MEMBER',1),
(12,8,'PRESIDENT',1), (12,11,'MEMBER',1);

-- ========== 追加场地 ==========
INSERT IGNORE INTO venue (id, name, location, capacity, facilities, status) VALUES
(5, '第二报告厅',       '图书馆三楼',   180,  '投影/会议桌椅',              1),
(6, '社团活动室B',      '活动中心302',  40,   '桌椅/白板',                 1),
(7, '体育馆篮球场',     '体育馆一楼',   800,  '篮球架/记分牌/灯光/观众席',   1),
(8, '音乐厅排练室',     '艺术楼B1',     60,   '钢琴/音响/镜子/把杆',        1);

-- ========== 追加物资 ==========
INSERT IGNORE INTO resource_item (id, name, category, total, available, unit) VALUES
(8,  '无线话筒',       '音响设备', 20, 15, '支'),
(9,  '易拉宝展架',     '宣传物料', 25, 20, '个'),
(10, '条幅(5m)',       '宣传物料', 40, 35, '条'),
(11, '足球',           '体育器材', 20, 17, '个'),
(12, '投影仪(便携)',   '音响设备', 8,  3,  '台');

-- ========== 追加活动 (15条) ==========
INSERT IGNORE INTO activity (id, club_id, title, description, category, start_time, end_time, location, max_participants, enrolled_count, status, checkin_code, created_by) VALUES
(3,  1,  '2026春季编程马拉松',       '48小时极限编程挑战，团队协作完成AI应用开发',          '比赛', '2026-07-10 09:00:00', '2026-07-11 18:00:00', '大学生活动中心多功能厅', 100, 78,  'ONGOING',  'CPH001', 3),
(4,  6,  '院系篮球联赛总决赛',       '计算机学院 vs 经管学院巅峰对决',                     '比赛', '2026-07-08 19:00:00', '2026-07-08 21:30:00', '体育馆篮球场',           500, 432, 'ONGOING',  'BBL001', 7),
(5,  8,  '夏日音乐节',               '吉他弹唱、乐队表演、合唱团倾情演出',                  '演出', '2026-07-12 18:30:00', '2026-07-12 22:00:00', '操场主席台区域',         800, 650, 'APPROVED', 'MUS001', 9),
(6,  2,  '校园随机舞蹈挑战',         '随机音乐片段即兴舞蹈battle',                         '团建', '2026-07-15 16:00:00', '2026-07-15 18:30:00', '大学生活动中心多功能厅', 150, 89,  'APPROVED', 'DAN001', 5),
(7,  9,  '校园光影摄影大赛',         '以夏日校园为主题，镜头捕捉最美瞬间',                  '比赛', '2026-07-20 00:00:00', '2026-07-30 23:59:00', '线上投稿',               0,   56,  'APPROVED', 'PHO001', 9),
(8,  10, '新生辩论赛半决赛',         'AI终将取代人类工作 vs AI无法取代人类',               '比赛', '2026-07-14 14:00:00', '2026-07-14 17:00:00', '第一报告厅',             200, 145, 'APPROVED', 'DEB001', 7),
(9,  7,  '创业项目路演交流会',       '5支学生创业团队展示商业计划书，投资人现场点评',       '讲座', '2026-07-18 14:00:00', '2026-07-18 17:30:00', '第二报告厅',             120, 78,  'APPROVED', 'ENT001', 8),
(10, 3,  '暑期支教志愿者招募宣讲会', '介绍暑期赴山区支教计划，招募有爱心的志愿者同学',      '志愿', '2026-07-22 10:00:00', '2026-07-22 12:00:00', '第一报告厅',             250, 0,   'PENDING',  NULL,    3),
(11, 11, '校园五人制足球挑战赛',     '自由组队报名，淘汰赛制，冠军获定制奖杯',              '比赛', '2026-07-25 08:00:00', '2026-07-26 18:00:00', '操场主席台区域',         300, 0,   'PENDING',  NULL,    7),
(12, 12, '绿色校园环保知识竞赛',     '环保知识问答竞赛，面向全校，设一二三等奖',             '比赛', '2026-07-20 14:00:00', '2026-07-20 17:00:00', '第二报告厅',             150, 0,   'PENDING',  NULL,    8),
(13, 1,  'AI技术前沿讲座',           '知名科技企业工程师分享大模型技术发展趋势',             '讲座', '2026-06-20 14:00:00', '2026-06-20 16:30:00', '第一报告厅',             200, 180, 'FINISHED', 'AI001',  3),
(14, 3,  '校园环保公益跑',           '每跑1公里捐1元给环保项目，百人参与为绿色奔跑',         '志愿', '2026-06-15 07:00:00', '2026-06-15 10:00:00', '田径场',                 300, 256, 'FINISHED', 'RUN001', 3),
(15, 1,  '数学建模竞赛经验分享会',   '国赛一等奖团队分享建模思路与论文写作技巧',            '讲座', '2026-06-25 19:00:00', '2026-06-25 21:00:00', '第二报告厅',             150, 132, 'FINISHED', 'MAT001', 3),
(16, 8,  '校园十佳歌手大赛(筹备中)','面向全校征集报名，海选+复赛+决赛三阶段',               '比赛', '2026-08-01 00:00:00', '2026-08-15 23:59:00', '大学生活动中心多功能厅', 500, 0,   'DRAFT',    NULL,    9),
(17, 6,  '三分球投篮大赛(策划中)',   '个人三分球挑战，记录最高连中数，赢取专属球鞋',         '比赛', '2026-08-05 00:00:00', '2026-08-05 23:59:00', '体育馆篮球场',           200, 0,   'DRAFT',    NULL,    7);

-- ========== 活动报名 ==========
INSERT IGNORE INTO activity_enroll (activity_id, user_id, status) VALUES
(3,4,'CHECKED_IN'),  (3,6,'ENROLLED'),   (3,10,'ENROLLED'), (3,11,'ENROLLED'),
(4,4,'CHECKED_IN'),  (4,6,'ENROLLED'),   (4,10,'ENROLLED'),
(5,4,'ENROLLED'),    (5,6,'ENROLLED'),   (5,10,'ENROLLED'), (5,11,'ENROLLED'),
(6,4,'ENROLLED'),    (6,6,'ENROLLED'),
(7,4,'ENROLLED'),    (7,6,'ENROLLED'),   (7,10,'ENROLLED'),
(8,4,'ENROLLED'),    (8,11,'ENROLLED'),
(9,6,'ENROLLED'),    (9,11,'ENROLLED'),
(13,4,'CHECKED_IN'), (13,6,'CHECKED_IN'), (13,10,'CHECKED_IN'),
(14,4,'CHECKED_IN'), (14,6,'CHECKED_IN'), (14,11,'CHECKED_IN');

-- ========== 经费记录 ==========
INSERT IGNORE INTO fund_record (id, club_id, type, amount, category, description, status, approved_by) VALUES
(1, 1,  'EXPENSE', 5000.00, '活动经费', '编程马拉松奖品及茶歇采购',           'APPROVED', 1),
(2, 1,  'INCOME',  8000.00, '社团拨款', '2026春季学期社团活动经费拨款',       'APPROVED', 1),
(3, 2,  'EXPENSE', 3000.00, '场地费用', '随机舞蹈活动音响设备租赁',           'APPROVED', 1),
(4, 6,  'EXPENSE', 2500.00, '奖品礼品', '篮球联赛冠军奖杯及MVP球鞋',          'APPROVED', 1),
(5, 8,  'EXPENSE', 4000.00, '设备采购', '音乐节舞台灯光租赁及调音费用',       'PENDING',  NULL),
(6, 9,  'EXPENSE', 1500.00, '宣传物料', '摄影大赛获奖作品冲印展板制作',       'PENDING',  NULL),
(7, 7,  'INCOME',  5000.00, '社团拨款', '创业俱乐部路演活动专项拨款',         'APPROVED', 1),
(8, 3,  'EXPENSE', 2000.00, '交通差旅', '暑期支教团队往返交通费申请',         'PENDING',  NULL),
(9, 10, 'EXPENSE', 800.00,  '餐饮招待', '辩论赛评委及选手午餐补贴',           'REJECTED', 1),
(10,12, 'EXPENSE', 1200.00, '活动经费', '环保知识竞赛奖品采购',               'PENDING',  NULL);

-- ========== 场地预约 ==========
INSERT IGNORE INTO venue_booking (id, venue_id, booking_user_id, booking_date, start_time, end_time, purpose, status, approved_by) VALUES
(2, 7, 7, '2026-07-08', '18:00:00', '22:00:00', '篮球联赛总决赛',          'APPROVED', 1),
(3, 4, 9, '2026-07-12', '17:00:00', '22:30:00', '夏日音乐节演出',          'APPROVED', 1),
(4, 1, 3, '2026-07-10', '08:00:00', '21:00:00', '编程马拉松活动场地',       'APPROVED', 1),
(5, 2, 7, '2026-07-25', '08:00:00', '18:00:00', '足球赛开幕式及颁奖',       'PENDING',  NULL),
(6, 1, 9, '2026-08-01', '17:00:00', '22:00:00', '十佳歌手大赛海选',         'PENDING',  NULL);

-- ========== 物资借用 ==========
INSERT IGNORE INTO resource_borrow (id, item_id, user_id, quantity, borrow_date, plan_return_date, status, approved_by) VALUES
(2, 3,  7,  5, '2026-07-07', '2026-07-09', 'APPROVED', 1),
(3, 12, 9,  2, '2026-07-11', '2026-07-13', 'PENDING',  NULL),
(4, 11, 10, 3, '2026-07-06', '2026-07-10', 'APPROVED', 1);

-- ========== 公告 (7条) ==========
INSERT IGNORE INTO sys_announcement (id, title, content, is_top, created_by, create_time) VALUES
(2, '关于规范社团活动经费申请流程的通知',
   '为进一步规范社团经费管理，即日起所有社团活动经费申请须通过系统提交。审批流程：社长提交申请→指导教师审核→校团委审批（金额大于5000元需加签）。请各社团严格遵守，避免因流程问题影响活动开展。', 1, 1, '2026-07-03 14:30:00'),
(3, '2026年暑期社会实践项目征集通知',
   '为鼓励学生积极参与社会实践，现面向全校征集暑期社会实践项目，方向包括：乡村振兴调研、科技助农、支教助学、环保公益等。入选项目将获得2000-10000元经费资助。请有意向的团队于7月20日前提交项目申报书。', 0, 1, '2026-07-05 10:00:00'),
(4, '关于大学生活动中心场地预约规则调整的说明',
   '为合理分配场地资源，即日起场地预约做如下调整：大型活动(超过200人)需提前14天预约；常规活动提前7天预约；每人每月最多预约4次。请各社团合理安排活动时间，避免场地使用冲突。', 0, 1, '2026-07-06 08:00:00'),
(5, '校园十佳歌手大赛报名正式启动',
   '一年一度的校园十佳歌手大赛来了！报名时间：7月10日-7月25日。海选：8月1日-3日，复赛：8月8日，决赛：8月15日。奖项设置：冠军2000元+奖杯、亚军1000元、季军500元、最佳人气奖。报名方式：登录系统→活动管理→校园十佳歌手大赛→报名参加。', 0, 1, '2026-07-06 16:00:00'),
(6, '2026年春季学期优秀社团评选结果公示',
   '经社团自评、材料审核、现场答辩、学生投票四个环节，2026年春季学期优秀社团评选结果公示如下：五星社团(2个)：计算机协会、志愿者协会；四星社团(3个)：舞蹈社、音乐社团、篮球协会；三星社团(5个)：辩论队、摄影协会、足球社、创新创业俱乐部、环保协会。公示期：7月6日-7月12日，如有异议请向校团委反馈。', 0, 1, '2026-07-06 12:00:00'),
(7, '关于暑期留校学生社团活动安全管理的提醒',
   '暑期将至，请各社团负责人注意以下事项：1.暑期外出活动须购买保险；2.大型活动须配备安全员；3.涉及校外人员参与的活动需提前报备；4.高温天气户外活动注意防暑降温。安全第一，祝大家度过一个充实安全的暑假！', 0, 1, '2026-07-06 08:30:00'),
(8, '社团管理系统使用指南(2026版)',
   '为帮助各社团更好地使用本系统，校团委整理了以下常用操作指南：1.活动发布：登录→活动管理→发布新活动→填写信息→提交审批；2.场地预约：登录→场地预约→选择场地→填写时间→提交；3.物资借用：登录→物资管理→选择物资→填写数量及归还日期；4.经费申请：登录→经费管理→申请经费→选择社团→填写金额及用途。如遇系统问题请联系管理员。', 0, 1, '2026-07-02 09:00:00');

SET FOREIGN_KEY_CHECKS = 1;
SELECT 'Data seeding completed!' AS result;
