-- =====================================================
-- 演示数据：大量待审批申请 — 答辩用
-- 执行: mysql -uroot -proot club_management < seed_demo_applications.sql
-- 兼容重复执行 (INSERT IGNORE)
-- =====================================================
SET NAMES utf8mb4;
SET FOREIGN_KEY_CHECKS = 0;

-- =====================================================
-- 1. 待审批社团 (10条) — 社团审批 Tab
-- =====================================================
INSERT IGNORE INTO club (id, name, category, description, president_id, teacher_id, member_count, status, create_time) VALUES
(100, '电子竞技社',       '体育竞技', '组织校内电竞比赛，王者荣耀/LOL/CSGO等项目，培养团队协作精神',                   13, 2, 1, 0, '2026-07-05 10:00:00'),
(101, '汉服文化社',       '文化艺术', '传承中华传统服饰文化，定期举办汉服走秀、茶艺体验、古风摄影活动',                 17, 3, 1, 0, '2026-07-05 11:00:00'),
(102, '心理学社',         '学术科技', '探索心理学奥秘，举办心理沙龙、沙盘游戏、电影解析，关注大学生心理健康',           21, 2, 1, 0, '2026-07-05 12:00:00'),
(103, '轮滑协会',         '体育竞技', '炫酷轮滑，刷街夜滑，花式绕桩，代表学校参加省大学生轮滑锦标赛',                  23, 2, 1, 0, '2026-07-06 09:00:00'),
(104, '美食文化协会',     '文化艺术', '探寻各地美食文化，烘焙DIY、美食品鉴、厨艺比拼，唯有美食不可辜负',               25, 3, 1, 0, '2026-07-06 10:00:00'),
(105, '天文爱好者协会',   '学术科技', '仰望星空探索宇宙，天文观测、科普讲座、星空摄影，感受宇宙浩瀚',                 27, 2, 1, 0, '2026-07-06 11:00:00'),
(106, '跆拳道协会',       '体育竞技', '以武会友强身健体，每周训练、段位考级、校际交流赛，磨练意志品质',                29, 2, 1, 0, '2026-07-06 12:00:00'),
(107, '动漫社',           '文化艺术', '二次元同好聚集地，cosplay舞台剧、动漫放映会、宅舞排练，释放青春热爱',           31, 3, 1, 0, '2026-07-07 09:00:00'),
(108, '机器人创新协会',   '学术科技', 'RoboMaster机甲大师备赛、ROS机器人开发、3D打印制作，科技改变未来',             33, 2, 1, 0, '2026-07-07 10:00:00'),
(109, '茶道社',           '文化艺术', '品茗论道修身养性，学习中国六大茶类冲泡技艺，组织茶园研学之旅',                 35, 3, 1, 0, '2026-07-07 11:00:00');

-- 社团创建者自动成为成员
INSERT IGNORE INTO club_member (club_id, user_id, role, status) VALUES
(100,13,'PRESIDENT',1), (101,17,'PRESIDENT',1), (102,21,'PRESIDENT',1),
(103,23,'PRESIDENT',1), (104,25,'PRESIDENT',1), (105,27,'PRESIDENT',1),
(106,29,'PRESIDENT',1), (107,31,'PRESIDENT',1), (108,33,'PRESIDENT',1),
(109,35,'PRESIDENT',1);

-- =====================================================
-- 2. 待审批活动 (8条) — 活动审批 Tab
-- =====================================================
INSERT IGNORE INTO activity (id, club_id, title, description, category, start_time, end_time, location, max_participants, enrolled_count, status, created_by, create_time) VALUES
(30, 1,  'AI大模型应用开发工作坊',        '手把手教你调用大模型API，构建自己的AI应用',              '讲座',   '2026-08-01 14:00:00', '2026-08-01 17:00:00', '第一报告厅',             200, 0, 'PENDING', 4,  '2026-07-05 14:00:00'),
(31, 2,  '校园街舞大赛',                 'Breaking/Popping/HipHop三大赛道，冠军奖金1000元',        '比赛',   '2026-08-08 18:00:00', '2026-08-08 22:00:00', '大学生活动中心多功能厅', 300, 0, 'PENDING', 5,  '2026-07-05 15:00:00'),
(32, 4,  '新生杯篮球联赛',               '各院系新生组队参赛，打造校园篮球明星',                    '比赛',   '2026-08-15 08:00:00', '2026-08-20 18:00:00', '体育馆篮球场',           600, 0, 'PENDING', 6,  '2026-07-06 09:00:00'),
(33, 6,  '校园民谣之夜',                 '吉他弹唱、原创歌曲、不插电音乐会，享受音乐纯粹之美',       '演出',   '2026-08-12 19:30:00', '2026-08-12 21:30:00', '音乐厅排练室',           100, 0, 'PENDING', 8,  '2026-07-06 10:00:00'),
(34, 5,  '大学生创业计划大赛',           '提交商业计划书，路演答辩，优秀项目获孵化支持',            '比赛',   '2026-08-20 09:00:00', '2026-08-20 18:00:00', '第二报告厅',             150, 0, 'PENDING', 7,  '2026-07-06 11:00:00'),
(35, 7,  '人像摄影工作坊',               '专业摄影师现场教学，布光技巧+后期修图实战',               '讲座',   '2026-08-05 14:00:00', '2026-08-05 17:00:00', '社团活动室A',            50,  0, 'PENDING', 5,  '2026-07-06 12:00:00'),
(36, 8,  '校际辩论邀请赛',               '邀请省内八所高校辩论队来校切磋，以辩会友',                 '比赛',   '2026-08-22 09:00:00', '2026-08-22 18:00:00', '第一报告厅',             250, 0, 'PENDING', 4,  '2026-07-07 09:00:00'),
(37, 12, '数学建模暑期集训营',           '为期一周的集中培训，备战9月全国大学生数学建模竞赛',       '讲座',   '2026-08-10 08:00:00', '2026-08-16 18:00:00', '第二报告厅',             120, 0, 'PENDING', 4,  '2026-07-07 10:00:00');

-- =====================================================
-- 3. 待审批场地预约 (6条) — 场地预约审批 Tab
-- =====================================================
INSERT IGNORE INTO venue_booking (id, venue_id, booking_user_id, booking_date, start_time, end_time, purpose, status, create_time) VALUES
(20, 1, 13, '2026-08-10', '18:00:00', '22:00:00', '电竞社校园联赛总决赛',            'PENDING', '2026-07-05 14:00:00'),
(21, 2, 17, '2026-08-05', '14:00:00', '17:00:00', '汉服文化讲座暨茶艺体验活动',       'PENDING', '2026-07-05 15:00:00'),
(22, 4, 23, '2026-08-15', '08:00:00', '12:00:00', '轮滑技巧挑战赛及新手体验',          'PENDING', '2026-07-06 09:00:00'),
(23, 5, 25, '2026-08-08', '14:00:00', '18:00:00', '美食DIY烘焙教学活动',               'PENDING', '2026-07-06 10:00:00'),
(24, 7, 29, '2026-08-12', '18:00:00', '21:00:00', '跆拳道晋级考试及表演赛',            'PENDING', '2026-07-06 11:00:00'),
(25, 3, 33, '2026-08-18', '09:00:00', '17:00:00', '机器人竞赛校内选拔赛',              'PENDING', '2026-07-07 09:00:00');

-- =====================================================
-- 4. 待审批物资借用 (6条) — 物资借用审批 Tab
-- =====================================================
INSERT IGNORE INTO resource_borrow (id, item_id, user_id, quantity, borrow_date, plan_return_date, status, create_time) VALUES
(20, 1,  13, 3, '2026-07-15', '2026-07-17', 'PENDING', '2026-07-05 14:00:00'),
(21, 6,  17, 8, '2026-07-12', '2026-07-18', 'PENDING', '2026-07-05 15:00:00'),
(22, 3,  23, 10,'2026-07-20', '2026-07-22', 'PENDING', '2026-07-06 09:00:00'),
(23, 12, 27, 2, '2026-07-18', '2026-07-20', 'PENDING', '2026-07-06 10:00:00'),
(24, 5,  31, 4, '2026-07-25', '2026-07-27', 'PENDING', '2026-07-06 11:00:00'),
(25, 9,  35, 5, '2026-07-15', '2026-07-20', 'PENDING', '2026-07-07 09:00:00');

-- =====================================================
-- 5. 待审批经费申请 (6条) — 经费管理 Tab
-- =====================================================
INSERT IGNORE INTO fund_record (id, club_id, type, amount, total_amount, category, description, status, applicant_id, create_time) VALUES
(20, 1,  'EXPENSE', 3000.00, 3000.00,  '活动经费', 'AI工作坊云计算API调用费用及茶歇采购',                    'PENDING', 4,  '2026-07-05 14:00:00'),
(21, 2,  'EXPENSE', 2500.00, 2500.00,  '奖品礼品', '街舞大赛冠军奖金及奖杯定制费用',                          'PENDING', 5,  '2026-07-05 15:00:00'),
(22, 4,  'EXPENSE', 6500.00, 6500.00,  '设备采购', '新生杯篮球联赛记分牌+计时器+裁判服采购【大额申请】',      'PENDING', 6,  '2026-07-06 09:00:00'),
(23, 6,  'EXPENSE', 1200.00, 1200.00,  '宣传物料', '民谣之夜海报印刷及线上推广费用',                         'PENDING', 8,  '2026-07-06 10:00:00'),
(24, 5,  'EXPENSE', 8000.00, 8000.00,  '活动经费', '创业大赛评委费+场地布置+参赛团队启动资金【大额申请】',    'PENDING', 7,  '2026-07-06 11:00:00'),
(25, 12,'EXPENSE', 1000.00, 1000.00,  '交通差旅', '数学建模集训营讲师往返交通及住宿费用',                    'PENDING', 4,  '2026-07-07 09:00:00');

-- =====================================================
-- 6. 多级审批流水 (每条业务创建对应审批节点)
-- =====================================================

-- 6.1 社团审批流 (每个3级: 初审→复审→终审)
INSERT IGNORE INTO approval_record (app_type, business_id, step_order, step_name, status, create_time) VALUES
('CLUB',100,1,'社团管理员初审','PENDING','2026-07-05 10:00:00'),
('CLUB',100,2,'校社联复审',    'PENDING','2026-07-05 10:00:00'),
('CLUB',100,3,'校团委终审',    'PENDING','2026-07-05 10:00:00'),
('CLUB',101,1,'社团管理员初审','PENDING','2026-07-05 11:00:00'),
('CLUB',101,2,'校社联复审',    'PENDING','2026-07-05 11:00:00'),
('CLUB',101,3,'校团委终审',    'PENDING','2026-07-05 11:00:00'),
('CLUB',102,1,'社团管理员初审','PENDING','2026-07-05 12:00:00'),
('CLUB',102,2,'校社联复审',    'PENDING','2026-07-05 12:00:00'),
('CLUB',102,3,'校团委终审',    'PENDING','2026-07-05 12:00:00'),
('CLUB',103,1,'社团管理员初审','PENDING','2026-07-06 09:00:00'),
('CLUB',103,2,'校社联复审',    'PENDING','2026-07-06 09:00:00'),
('CLUB',103,3,'校团委终审',    'PENDING','2026-07-06 09:00:00'),
('CLUB',104,1,'社团管理员初审','PENDING','2026-07-06 10:00:00'),
('CLUB',104,2,'校社联复审',    'PENDING','2026-07-06 10:00:00'),
('CLUB',104,3,'校团委终审',    'PENDING','2026-07-06 10:00:00'),
('CLUB',105,1,'社团管理员初审','PENDING','2026-07-06 11:00:00'),
('CLUB',105,2,'校社联复审',    'PENDING','2026-07-06 11:00:00'),
('CLUB',105,3,'校团委终审',    'PENDING','2026-07-06 11:00:00'),
('CLUB',106,1,'社团管理员初审','PENDING','2026-07-06 12:00:00'),
('CLUB',106,2,'校社联复审',    'PENDING','2026-07-06 12:00:00'),
('CLUB',106,3,'校团委终审',    'PENDING','2026-07-06 12:00:00'),
('CLUB',107,1,'社团管理员初审','PENDING','2026-07-07 09:00:00'),
('CLUB',107,2,'校社联复审',    'PENDING','2026-07-07 09:00:00'),
('CLUB',107,3,'校团委终审',    'PENDING','2026-07-07 09:00:00'),
('CLUB',108,1,'社团管理员初审','PENDING','2026-07-07 10:00:00'),
('CLUB',108,2,'校社联复审',    'PENDING','2026-07-07 10:00:00'),
('CLUB',108,3,'校团委终审',    'PENDING','2026-07-07 10:00:00'),
('CLUB',109,1,'社团管理员初审','PENDING','2026-07-07 11:00:00'),
('CLUB',109,2,'校社联复审',    'PENDING','2026-07-07 11:00:00'),
('CLUB',109,3,'校团委终审',    'PENDING','2026-07-07 11:00:00');

-- 6.2 活动审批流 (每个2级: 负责人预审→管理员审批)
INSERT IGNORE INTO approval_record (app_type, business_id, step_order, step_name, status, create_time) VALUES
('ACTIVITY',30,1,'社团负责人预审',  'PENDING','2026-07-05 14:00:00'),
('ACTIVITY',30,2,'系统管理员审批',  'PENDING','2026-07-05 14:00:00'),
('ACTIVITY',31,1,'社团负责人预审',  'PENDING','2026-07-05 15:00:00'),
('ACTIVITY',31,2,'系统管理员审批',  'PENDING','2026-07-05 15:00:00'),
('ACTIVITY',32,1,'社团负责人预审',  'PENDING','2026-07-06 09:00:00'),
('ACTIVITY',32,2,'系统管理员审批',  'PENDING','2026-07-06 09:00:00'),
('ACTIVITY',33,1,'社团负责人预审',  'PENDING','2026-07-06 10:00:00'),
('ACTIVITY',33,2,'系统管理员审批',  'PENDING','2026-07-06 10:00:00'),
('ACTIVITY',34,1,'社团负责人预审',  'PENDING','2026-07-06 11:00:00'),
('ACTIVITY',34,2,'系统管理员审批',  'PENDING','2026-07-06 11:00:00'),
('ACTIVITY',35,1,'社团负责人预审',  'PENDING','2026-07-06 12:00:00'),
('ACTIVITY',35,2,'系统管理员审批',  'PENDING','2026-07-06 12:00:00'),
('ACTIVITY',36,1,'社团负责人预审',  'PENDING','2026-07-07 09:00:00'),
('ACTIVITY',36,2,'系统管理员审批',  'PENDING','2026-07-07 09:00:00'),
('ACTIVITY',37,1,'社团负责人预审',  'PENDING','2026-07-07 10:00:00'),
('ACTIVITY',37,2,'系统管理员审批',  'PENDING','2026-07-07 10:00:00');

-- 6.3 场地预约审批 (单级)
INSERT IGNORE INTO approval_record (app_type, business_id, step_order, step_name, status, create_time) VALUES
('VENUE',20,1,'管理员审批','PENDING','2026-07-05 14:00:00'),
('VENUE',21,1,'管理员审批','PENDING','2026-07-05 15:00:00'),
('VENUE',22,1,'管理员审批','PENDING','2026-07-06 09:00:00'),
('VENUE',23,1,'管理员审批','PENDING','2026-07-06 10:00:00'),
('VENUE',24,1,'管理员审批','PENDING','2026-07-06 11:00:00'),
('VENUE',25,1,'管理员审批','PENDING','2026-07-07 09:00:00');

-- 6.4 物资借用审批 (单级)
INSERT IGNORE INTO approval_record (app_type, business_id, step_order, step_name, status, create_time) VALUES
('RESOURCE',20,1,'管理员审批','PENDING','2026-07-05 14:00:00'),
('RESOURCE',21,1,'管理员审批','PENDING','2026-07-05 15:00:00'),
('RESOURCE',22,1,'管理员审批','PENDING','2026-07-06 09:00:00'),
('RESOURCE',23,1,'管理员审批','PENDING','2026-07-06 10:00:00'),
('RESOURCE',24,1,'管理员审批','PENDING','2026-07-06 11:00:00'),
('RESOURCE',25,1,'管理员审批','PENDING','2026-07-07 09:00:00');

-- 6.5 经费审批流
INSERT IGNORE INTO approval_record (app_type, business_id, step_order, step_name, status, create_time) VALUES
-- 小额经费 (<5000): 3级
('FUND',20,1,'社团负责人初审',  'PENDING','2026-07-05 14:00:00'),
('FUND',20,2,'系统管理员审核',  'PENDING','2026-07-05 14:00:00'),
('FUND',20,3,'财务老师复核',    'PENDING','2026-07-05 14:00:00'),
('FUND',21,1,'社团负责人初审',  'PENDING','2026-07-05 15:00:00'),
('FUND',21,2,'系统管理员审核',  'PENDING','2026-07-05 15:00:00'),
('FUND',21,3,'财务老师复核',    'PENDING','2026-07-05 15:00:00'),
-- 大额经费 (>=5000): 4级加校级领导终审
('FUND',22,1,'社团负责人初审',  'PENDING','2026-07-06 09:00:00'),
('FUND',22,2,'系统管理员审核',  'PENDING','2026-07-06 09:00:00'),
('FUND',22,3,'财务老师复核',    'PENDING','2026-07-06 09:00:00'),
('FUND',22,4,'校级领导终审',    'PENDING','2026-07-06 09:00:00'),
('FUND',23,1,'社团负责人初审',  'PENDING','2026-07-06 10:00:00'),
('FUND',23,2,'系统管理员审核',  'PENDING','2026-07-06 10:00:00'),
('FUND',23,3,'财务老师复核',    'PENDING','2026-07-06 10:00:00'),
-- 大额经费
('FUND',24,1,'社团负责人初审',  'PENDING','2026-07-06 11:00:00'),
('FUND',24,2,'系统管理员审核',  'PENDING','2026-07-06 11:00:00'),
('FUND',24,3,'财务老师复核',    'PENDING','2026-07-06 11:00:00'),
('FUND',24,4,'校级领导终审',    'PENDING','2026-07-06 11:00:00'),
('FUND',25,1,'社团负责人初审',  'PENDING','2026-07-07 09:00:00'),
('FUND',25,2,'系统管理员审核',  'PENDING','2026-07-07 09:00:00'),
('FUND',25,3,'财务老师复核',    'PENDING','2026-07-07 09:00:00');

-- =====================================================
-- 7. 申请草稿 (12条) — "我的全部申请"页
-- =====================================================
INSERT IGNORE INTO application_draft (user_id, app_type, step_index, form_data, create_time, update_time) VALUES
(4,  'CLUB',     2, '{"name":"人工智能协会","category":"学术科技","description":"探索AI前沿技术"}',                        '2026-07-04 10:00:00', '2026-07-04 15:00:00'),
(5,  'CLUB',     1, '{"name":"滑板社","category":"体育竞技","description":"街头滑板文化推广"}',                             '2026-07-05 09:00:00', '2026-07-05 09:00:00'),
(9,  'CLUB',     2, '{"name":"桌游社","category":"文化艺术","description":"狼人杀/剧本杀/三国杀"}',                        '2026-07-06 14:00:00', '2026-07-06 14:00:00'),
(6,  'ACTIVITY', 1, '{"title":"3v3篮球赛","clubId":4,"category":"比赛"}',                                                 '2026-07-04 11:00:00', '2026-07-04 11:00:00'),
(7,  'ACTIVITY', 2, '{"title":"创业沙盘模拟","clubId":5,"category":"讲座"}',                                               '2026-07-05 16:00:00', '2026-07-05 16:00:00'),
(10, 'ACTIVITY', 1, '{"title":"舞蹈快闪","clubId":2,"category":"演出"}',                                                   '2026-07-06 10:00:00', '2026-07-06 10:00:00'),
(8,  'VENUE',    1, '{"venueId":1,"purpose":"音乐社团专场演出排练"}',                                                      '2026-07-04 12:00:00', '2026-07-04 12:00:00'),
(11, 'VENUE',    2, '{"venueId":4,"purpose":"趣味运动会"}',                                                                '2026-07-06 08:00:00', '2026-07-06 08:00:00'),
(9,  'RESOURCE', 1, '{"itemId":1,"quantity":2}',                                                                           '2026-07-05 13:00:00', '2026-07-05 13:00:00'),
(12, 'RESOURCE', 1, '{"itemId":6,"quantity":5}',                                                                           '2026-07-06 15:00:00', '2026-07-06 15:00:00'),
(4,  'FUND',     2, '{"clubId":1,"type":"EXPENSE","amount":"5000","category":"活动经费"}',                                 '2026-07-05 08:00:00', '2026-07-05 08:00:00'),
(5,  'FUND',     1, '{"clubId":2,"type":"EXPENSE","amount":"1500","category":"宣传物料"}',                                 '2026-07-06 11:00:00', '2026-07-06 11:00:00');

SET FOREIGN_KEY_CHECKS = 1;

SELECT '========================================' AS '';
SELECT '  演示数据导入完成！' AS '';
SELECT '========================================' AS '';
SELECT COUNT(*) AS pending_clubs     FROM club WHERE status = 0;
SELECT COUNT(*) AS pending_activities FROM activity WHERE status = 'PENDING';
SELECT COUNT(*) AS pending_venues     FROM venue_booking WHERE status = 'PENDING';
SELECT COUNT(*) AS pending_resources FROM resource_borrow WHERE status = 'PENDING';
SELECT COUNT(*) AS pending_funds     FROM fund_record WHERE status = 'PENDING';
SELECT COUNT(*) AS approval_records  FROM approval_record WHERE status = 'PENDING';
SELECT COUNT(*) AS app_drafts        FROM application_draft;
